country,year,solar_electricity,solar_share_elec,solar_energy_per_capita,renewables_electricity,renewables_share_elec,population,gdp
Argentina,2000,0.0,0.0,0.003,29.0,32.592,37213986.0,536480965694.0
Argentina,2001,0.0,0.0,0.003,36.99,41.036,37624817.0,514867255248.0
Argentina,2002,0.0,0.0,0.003,36.38,43.007,38029345.0,460558541367.0
Argentina,2003,0.0,0.0,0.005,34.76,37.754,38424283.0,503104157615.0
Argentina,2004,0.0,0.0,0.005,31.4,31.319,38815915.0,550306327169.0
Argentina,2005,0.0,0.0,0.006,35.21,33.296,39216786.0,601050418142.0
Argentina,2006,0.0,0.0,0.006,39.14,34.506,39622113.0,652296814311.0
Argentina,2007,0.0,0.0,0.007,32.35,28.497,40016767.0,714725198062.0
Argentina,2008,0.0,0.0,0.009,32.45,26.618,40424151.0,747157417513.0
Argentina,2009,0.0,0.0,0.005,35.85,29.308,40854832.0,705920838368.0
Argentina,2010,0.0,0.0,0.005,34.77,27.595,41288694.0,785785170150.0
Argentina,2011,0.0,0.0,0.1,32.61,25.183,41730655.0,837742673804.0
Argentina,2012,0.01,0.007,0.5,30.99,22.783,42161718.0,829147409948.0
Argentina,2013,0.02,0.014,0.905,34.77,24.934,42582453.0,849088398588.0
Argentina,2014,0.02,0.014,0.943,34.54,24.931,43024071.0,827750786191.0
Argentina,2015,0.01,0.007,0.855,34.43,23.676,43477011.0,850356641236.0
Argentina,2016,0.01,0.007,0.817,31.49,21.396,43900312.0,832669278245.0
Argentina,2017,0.02,0.014,0.927,33.68,23.13,44288898.0,856142153676.0
Argentina,2018,0.11,0.075,6.024,35.22,23.995,44654876.0,833736983405.0
Argentina,2019,0.8,0.573,44.014,34.78,24.927,44973469.0,817053926667.0
Argentina,2020,1.34,0.926,73.451,36.62,25.318,45191960.0,735814250460.0
Argentina,2021,2.2,1.437,119.728,37.04,24.185,45312282.0,812324184006.0
Argentina,2022,2.94,2.019,159.086,42.27,29.03,45407904.0,854914363923.0
Argentina,2023,3.28,2.208,175.641,51.65,34.767,45538402.0,
Argentina,2024,3.97,2.603,211.651,52.44,34.385,45696153.0,
Argentina,2025,5.14,3.356,,52.96,34.58,45851379.0,
Australia,2000,0.05,0.023,6.787,17.54,8.089,19132472.0,692059312020.0
Australia,2001,0.05,0.022,7.724,17.26,7.696,19365438.0,713890072308.0
Australia,2002,0.06,0.027,8.151,17.95,8.032,19595356.0,747065694937.0
Australia,2003,0.06,0.027,8.689,18.66,8.258,19819449.0,774450991263.0
Australia,2004,0.07,0.031,9.862,19.38,8.454,20046679.0,809792445090.0
Australia,2005,0.08,0.035,11.133,20.72,8.98,20294490.0,840092380696.0
Australia,2006,0.1,0.042,12.661,21.14,8.883,20590566.0,866678665246.0
Australia,2007,0.11,0.045,14.437,20.29,8.343,20954545.0,911250727265.0
Australia,2008,0.14,0.057,17.186,19.12,7.792,21370595.0,937889628737.0
Australia,2009,0.29,0.116,34.972,20.16,8.067,21783014.0,963129933389.0
Australia,2010,0.98,0.39,114.985,22.16,8.83,22141583.0,993853968687.0
Australia,2011,2.04,0.796,235.623,30.61,11.944,22479779.0,1024000293343.0
Australia,2012,2.41,0.961,272.025,30.27,12.076,22852648.0,1062662906305.0
Australia,2013,3.85,1.543,423.471,35.53,14.237,23236271.0,1086068056518.0
Australia,2014,4.95,1.999,534.019,32.76,13.228,23595599.0,1113888062929.0
Australia,2015,6.2,2.441,654.955,35.8,14.095,23947997.0,1139303344945.0
Australia,2016,7.44,2.881,768.308,41.74,16.164,24329963.0,1169967279612.0
Australia,2017,8.92,3.444,901.454,39.19,15.133,24731044.0,1197832839959.0
Australia,2018,12.33,4.695,1221.226,49.49,18.844,25119700.0,1231576952488.0
Australia,2019,18.3,6.882,1777.226,55.26,20.782,25482714.0,1255505542015.0
Australia,2020,23.84,8.991,2286.976,64.28,24.243,25743787.0,1232259790388.0
Australia,2021,31.19,11.662,2960.04,77.27,28.891,25956417.0,1296705194119.0
Australia,2022,37.54,13.755,3520.705,87.44,32.039,26200987.0,1344251444393.0
Australia,2023,44.99,16.473,4148.871,95.07,34.81,26451126.0,
Australia,2024,50.21,17.828,4584.596,98.79,35.077,26713206.0,
Australia,2025,56.09,19.589,,110.58,38.618,26974024.0,
Brazil,2000,0.0,0.0,0.0,312.26,89.491,174018278.0,1739728033832.0
Brazil,2001,0.0,0.0,0.0,276.93,84.289,176301201.0,1785513006345.0
Brazil,2002,0.0,0.0,0.0,296.42,85.74,178503485.0,1861742323845.0
Brazil,2003,0.0,0.0,0.0,317.62,87.165,180622688.0,1904932706436.0
Brazil,2004,0.0,0.0,0.0,333.38,86.036,182675144.0,2038447931287.0
Brazil,2005,0.0,0.0,0.0,351.19,87.129,184688101.0,2129214530430.0
Brazil,2006,0.0,0.0,0.0,363.89,86.754,186653099.0,2240805319046.0
Brazil,2007,0.0,0.0,0.0,392.74,88.226,188552311.0,2405626901513.0
Brazil,2008,0.0,0.0,0.0,390.53,84.315,190367297.0,2559842659987.0
Brazil,2009,0.0,0.0,0.0,415.11,89.047,192079958.0,2589568436235.0
Brazil,2010,0.0,0.0,0.0,437.41,84.802,193701931.0,2820492538862.0
Brazil,2011,0.0,0.0,0.0,463.66,87.193,195284736.0,2968455007203.0
Brazil,2012,0.0,0.0,0.021,456.16,82.563,196876113.0,3025484250011.0
Brazil,2013,0.0,0.0,0.062,438.54,76.825,198478290.0,3116394665745.0
Brazil,2014,0.02,0.003,0.205,432.75,73.279,200085126.0,3132099937531.0
Brazil,2015,0.06,0.01,0.74,431.31,74.208,201675534.0,3021043246476.0
Brazil,2016,0.09,0.016,1.054,465.82,80.468,203218108.0,2922076150345.0
Brazil,2017,0.83,0.141,10.159,467.02,79.247,204703440.0,2960731613785.0
Brazil,2018,3.46,0.575,41.777,495.29,82.358,206107265.0,3013541086239.0
Brazil,2019,6.65,1.05,79.399,515.44,81.386,207455459.0,3050327159562.0
Brazil,2020,10.75,1.71,127.188,522.92,83.167,208660845.0,2950377451264.0
Brazil,2021,16.75,2.552,196.906,507.87,77.372,209550291.0,3097565215045.0
Brazil,2022,30.13,4.449,351.966,593.89,87.703,210306411.0,3187412907763.0
Brazil,2023,50.63,7.15,584.894,630.19,88.995,211140731.0,
Brazil,2024,71.32,9.564,820.533,651.26,87.333,211998565.0,
Brazil,2025,88.64,11.81,,649.97,86.601,212812397.0,
Canada,2000,0.02,0.003,1.477,365.96,60.607,30891800.0,1137681278760.0
Canada,2001,0.02,0.003,1.733,341.54,58.109,31213578.0,1161459919261.0
Canada,2002,0.02,0.003,1.975,359.75,59.979,31535579.0,1199865635264.0
Canada,2003,0.02,0.003,1.95,346.27,58.862,31836483.0,1224575760991.0
Canada,2004,0.01,0.002,1.203,349.15,58.338,32132680.0,1265917327101.0
Canada,2005,0.02,0.003,1.409,372.71,60.066,32440172.0,1310077836124.0
Canada,2006,0.02,0.003,1.714,364.32,59.879,32759174.0,1348293394113.0
Canada,2007,0.03,0.005,2.09,379.65,59.864,33092171.0,1379925831954.0
Canada,2008,0.04,0.006,2.761,389.3,61.296,33449088.0,1397938727409.0
Canada,2009,0.11,0.018,8.458,384.38,62.616,33826370.0,1360538049277.0
Canada,2010,0.26,0.043,19.461,370.67,61.063,34196900.0,1406355361431.0
Canada,2011,0.57,0.089,42.862,396.69,62.151,34555449.0,1454221365109.0
Canada,2012,0.88,0.138,65.005,403.37,63.369,34922513.0,1479829523672.0
Canada,2013,1.5,0.229,108.625,415.48,63.365,35293421.0,1514296485427.0
Canada,2014,2.12,0.325,151.397,407.24,62.367,35634265.0,1557757464897.0
Canada,2015,2.89,0.437,203.797,422.04,63.841,35962236.0,1568025782105.0
Canada,2016,3.01,0.451,207.694,430.73,64.565,36353345.0,1583727974022.0
Canada,2017,3.31,0.495,224.751,440.56,65.819,36808498.0,1631871440185.0
Canada,2018,3.49,0.528,232.91,433.39,65.546,37294996.0,1677189073139.0
Canada,2019,3.75,0.572,245.837,428.71,65.382,37782934.0,1708858221312.0
Canada,2020,4.07,0.621,263.378,436.79,66.595,38171903.0,1622144486274.0
Canada,2021,5.11,0.783,327.57,435.39,66.737,38454058.0,1703443269914.0
Canada,2022,5.74,0.864,363.119,452.47,68.135,38821259.0,1761295624423.0
Canada,2023,8.4,1.31,521.168,419.45,65.397,39299098.0,
Canada,2024,9.42,1.479,577.898,409.28,64.272,39742429.0,
Canada,2025,10.17,1.559,,416.91,63.9,40126728.0,
Chile,2000,0.0,0.0,0.0,20.49,49.83,15503638.0,233340518904.0
Chile,2001,0.0,0.0,0.0,22.87,54.041,15683852.0,239642803054.0
Chile,2002,0.0,0.0,0.0,23.99,55.226,15857926.0,243288829547.0
Chile,2003,0.0,0.0,0.0,23.28,49.925,16024755.0,250723122339.0
Chile,2004,0.0,0.0,0.0,23.8,46.667,16187324.0,264146071325.0
Chile,2005,0.0,0.0,0.0,28.02,53.658,16348780.0,278000705012.0
Chile,2006,0.0,0.0,0.0,30.28,55.015,16509195.0,293258343549.0
Chile,2007,0.0,0.0,0.0,25.61,43.943,16671571.0,305709457316.0
Chile,2008,0.0,0.0,0.0,27.07,45.526,16838987.0,314032357531.0
Chile,2009,0.0,0.0,0.0,29.39,48.683,17009730.0,306660166266.0
Chile,2010,0.0,0.0,0.0,24.22,40.199,17181463.0,321457401232.0
Chile,2011,0.0,0.0,0.0,25.95,39.528,17351810.0,338708860136.0
Chile,2012,0.0,0.0,0.05,25.24,36.28,17519116.0,359556383692.0
Chile,2013,0.01,0.014,0.977,26.0,35.695,17687006.0,371454072393.0
Chile,2014,0.48,0.684,65.338,30.06,42.839,17864192.0,378114271615.0
Chile,2015,1.24,1.655,190.789,32.36,43.199,18047630.0,386251266445.0
Chile,2016,2.59,3.286,350.776,33.81,42.89,18267225.0,393022253885.0
Chile,2017,3.84,4.865,524.81,34.37,43.545,18558868.0,398359518680.0
Chile,2018,5.12,6.262,673.954,37.5,45.866,18893185.0,414254051745.0
Chile,2019,6.3,7.502,812.315,38.81,46.213,19197748.0,417331966568.0
Chile,2020,7.53,9.009,970.649,40.49,48.445,19370621.0,391686945225.0
Chile,2021,10.56,11.986,1360.911,43.07,48.888,19456323.0,437659188270.0
Chile,2022,15.71,17.256,1974.556,50.37,55.327,19553033.0,448338105532.0
Chile,2023,17.94,20.105,2287.516,56.34,63.14,19658833.0,
Chile,2024,20.19,22.783,2548.917,62.07,70.041,19764774.0,
Chile,2025,22.18,25.062,,58.74,66.373,19859919.0,
China,2000,0.02,0.001,0.048,225.56,16.639,1269581174.0,5952682232028.0
China,2001,0.03,0.002,0.067,280.73,18.958,1278725061.0,6329737256820.0
China,2002,0.05,0.003,0.102,291.41,17.618,1286866835.0,6814493895929.0
China,2003,0.06,0.003,0.135,287.28,15.036,1294517323.0,7248623080792.0
China,2004,0.08,0.004,0.158,357.43,16.222,1302100316.0,7830953177799.0
China,2005,0.08,0.003,0.172,404.37,16.173,1310027135.0,8602939667333.0
China,2006,0.09,0.003,0.193,446.72,15.588,1318054030.0,9489543138489.0
China,2007,0.11,0.003,0.229,500.71,15.258,1325813576.0,10358206113742.0
China,2008,0.15,0.004,0.301,665.08,19.025,1333821011.0,10799148337884.0
China,2009,0.28,0.008,0.545,664.39,17.886,1342522717.0,11572544299171.0
China,2010,0.7,0.017,1.351,786.38,18.691,1351561505.0,12858808500983.0
China,2011,2.61,0.055,4.971,792.38,16.813,1360250658.0,13691526496125.0
China,2012,3.59,0.072,6.765,999.56,20.041,1369520866.0,14773157494771.0
China,2013,8.37,0.154,15.53,1093.37,20.13,1379008040.0,15925464549520.0
China,2014,23.51,0.406,43.105,1289.23,22.249,1387951970.0,17103948867278.0
China,2015,39.48,0.679,71.591,1393.66,23.968,1396134171.0,18301224436466.0
China,2016,66.53,1.085,119.052,1522.79,24.829,1404052628.0,19545709173693.0
China,2017,117.8,1.784,208.517,1667.06,25.242,1412354730.0,20894362082435.0
China,2018,176.9,2.469,310.111,1835.39,25.612,1419008954.0,22294284747546.0
China,2019,224.0,2.985,389.496,2014.64,26.85,1423520357.0,23631941251482.0
China,2020,261.1,3.356,452.064,2185.01,28.088,1426106093.0,24151843898871.0
China,2021,327.0,3.832,564.637,2448.8,28.694,1426437269.0,26180600167672.0
China,2022,427.27,4.829,736.611,2670.66,30.181,1425179562.0,26966016991166.0
China,2023,584.15,6.177,1001.526,2894.22,30.606,1422584930.0,
China,2024,839.04,8.318,1441.843,3398.83,33.696,1419321284.0,
China,2025,1174.96,11.102,,3920.47,37.044,1416096093.0,
Denmark,2000,0.0,0.0,0.624,5.57,15.537,5339659.0,208333676429.0
Denmark,2001,0.0,0.0,0.619,5.85,15.583,5358825.0,211243390442.0
Denmark,2002,0.0,0.0,0.653,6.79,17.366,5375967.0,213517288371.0
Denmark,2003,0.0,0.0,0.768,8.07,17.555,5390621.0,215549132167.0
Denmark,2004,0.0,0.0,0.922,9.53,23.683,5404594.0,222528951750.0
Denmark,2005,0.0,0.0,1.072,9.8,27.162,5419550.0,229074701412.0
Denmark,2006,0.0,0.0,1.089,9.19,20.224,5437425.0,239411013967.0
Denmark,2007,0.0,0.0,1.215,10.3,26.316,5461604.0,242913735233.0
Denmark,2008,0.0,0.0,1.259,10.1,27.686,5493762.0,243090598807.0
Denmark,2009,0.0,0.0,1.782,10.07,27.779,5523169.0,232507363099.0
Denmark,2010,0.01,0.026,2.892,12.43,32.077,5547865.0,238190225279.0
Denmark,2011,0.01,0.028,7.036,14.17,40.359,5570848.0,242757622888.0
Denmark,2012,0.1,0.327,47.87,14.84,48.544,5591911.0,243307499552.0
Denmark,2013,0.52,1.502,235.718,15.96,46.114,5615333.0,245578374484.0
Denmark,2014,0.6,1.873,268.491,17.99,56.149,5643795.0,249555233739.0
Denmark,2015,0.6,2.085,269.151,18.93,65.775,5683698.0,255401297489.0
Denmark,2016,0.74,2.434,326.245,18.39,60.493,5728196.0,263691544304.0
Denmark,2017,0.75,2.427,325.874,21.8,70.55,5765164.0,271132202845.0
Denmark,2018,0.95,3.145,409.156,20.75,68.686,5793824.0,276526484620.0
Denmark,2019,0.96,3.269,410.058,23.07,78.55,5814618.0,280656364923.0
Denmark,2020,1.18,4.129,499.851,23.45,82.05,5831529.0,275058379473.0
Denmark,2021,1.31,3.979,550.467,26.1,79.283,5856774.0,288414406840.0
Denmark,2022,2.38,6.769,916.789,28.43,80.859,5902901.0,299429011832.0
Denmark,2023,3.66,10.8,1379.108,29.28,86.397,5948134.0,
Denmark,2024,3.78,10.782,1589.67,31.27,89.19,5977417.0,
Denmark,2025,4.45,13.363,,30.36,91.171,6002515.0,
France,2000,0.01,0.002,0.244,67.83,12.737,59483716.0,2031676031476.0
France,2001,0.01,0.002,0.284,76.09,14.023,59905131.0,2077786711965.0
France,2002,0.01,0.002,0.323,62.69,11.373,60327247.0,2107316572579.0
France,2003,0.01,0.002,0.348,61.47,10.994,60741119.0,2130940712046.0
France,2004,0.01,0.002,0.374,62.42,11.022,61175244.0,2196883540402.0
France,2005,0.01,0.002,0.458,54.98,9.66,61625031.0,2238790479440.0
France,2006,0.01,0.002,0.513,60.91,10.737,62049831.0,2297018080700.0
France,2007,0.02,0.004,0.767,64.3,11.445,62432438.0,2354672057875.0
France,2008,0.04,0.007,1.765,72.33,12.757,62780187.0,2362451821701.0
France,2009,0.17,0.032,7.237,68.15,12.886,63106460.0,2295352990111.0
France,2010,0.62,0.11,25.46,76.68,13.635,63417366.0,2342490492199.0
France,2011,2.33,0.41,84.461,66.02,11.63,63733776.0,2393401943613.0
France,2012,4.43,0.781,161.567,85.25,15.02,64058465.0,2400896391731.0
France,2013,5.19,0.9,188.045,99.43,17.24,64387736.0,2414733629218.0
France,2014,6.39,1.128,232.593,94.03,16.604,64692495.0,2437822780219.0
France,2015,7.75,1.35,283.253,91.84,15.996,64916337.0,2464953810985.0
France,2016,8.66,1.55,315.193,99.0,17.715,65086853.0,2491956183265.0
France,2017,8.87,1.596,348.574,91.91,16.538,65284775.0,2549057506683.0
France,2018,11.15,1.935,392.118,113.85,19.757,65519537.0,2596599107835.0
France,2019,12.02,2.125,438.637,112.9,19.964,65729460.0,2644453795826.0
France,2020,13.09,2.483,476.411,125.03,23.714,65905273.0,2438594133224.0
France,2021,15.28,2.777,554.626,122.1,22.187,66083547.0,2604822841790.0
France,2022,19.34,4.129,709.698,113.37,24.201,66277412.0,2671568767031.0
France,2023,22.59,4.355,782.395,139.49,26.89,66438828.0,
France,2024,24.87,4.427,849.685,152.67,27.176,66548532.0,
France,2025,31.82,5.583,,148.56,26.064,66650804.0,
Germany,2000,0.0,0.0,0.0,35.41,6.224,81797255.0,2718560455818.0
Germany,2001,0.1,0.017,3.372,37.88,6.543,81933882.0,2793373055251.0
Germany,2002,0.2,0.034,6.677,44.49,7.621,82068328.0,2822441773260.0
Germany,2003,0.31,0.051,10.387,46.67,7.752,82111619.0,2831676106520.0
Germany,2004,0.56,0.092,18.388,57.97,9.51,82092706.0,2894624877966.0
Germany,2005,1.31,0.214,42.855,63.43,10.342,82046733.0,2945460930734.0
Germany,2006,2.27,0.36,74.125,72.56,11.514,81701971.0,3086359147617.0
Germany,2007,3.14,0.498,102.623,89.44,14.172,81298546.0,3220275669650.0
Germany,2008,4.51,0.713,146.645,94.37,14.925,81110780.0,3289020399474.0
Germany,2009,6.72,1.143,217.763,96.08,16.341,80935276.0,3136502162046.0
Germany,2010,11.96,1.916,385.417,105.41,16.887,80830916.0,3301123203586.0
Germany,2011,19.99,3.304,640.508,124.43,20.567,80857877.0,3467712967640.0
Germany,2012,26.74,4.314,851.84,143.4,23.136,80916391.0,3482225441398.0
Germany,2013,30.62,4.863,966.351,151.95,24.131,81041581.0,3497463140441.0
Germany,2014,35.45,5.729,1108.415,161.93,26.171,81376078.0,3574741315261.0
Germany,2015,38.08,5.958,1174.437,188.14,29.435,82077546.0,3628073946157.0
Germany,2016,37.56,5.855,1140.185,189.13,29.482,82760102.0,3708979940863.0
Germany,2017,38.76,6.014,1166.039,215.68,33.467,83104010.0,3808389445530.0
Germany,2018,44.32,7.01,1322.427,222.93,35.258,83368507.0,3845758522294.0
Germany,2019,45.22,7.536,1339.568,241.17,40.189,83559184.0,3886392581475.0
Germany,2020,49.5,8.734,1461.368,251.49,44.374,83628711.0,3742721113842.0
Germany,2021,49.34,8.524,1451.987,232.5,40.167,83697080.0,3841041747482.0
Germany,2022,60.3,10.637,1762.085,251.54,44.373,84086227.0,3909612753939.0
Germany,2023,63.87,12.605,1842.591,277.1,54.685,84548233.0,
Germany,2024,74.13,14.946,2138.496,290.86,58.642,84552234.0,
Germany,2025,89.62,17.907,,295.74,59.092,84075075.0,
India,2000,0.01,0.002,0.019,80.27,14.048,1057922731.0,2804478499774.0
India,2001,0.01,0.002,0.028,76.19,13.0,1077898579.0,2940745466088.0
India,2002,0.01,0.002,0.033,72.78,11.938,1097600380.0,3024984520809.0
India,2003,0.02,0.003,0.039,74.63,11.695,1116803000.0,3251114494190.0
India,2004,0.02,0.003,0.043,109.2,15.638,1135991509.0,3495022816540.0
India,2005,0.02,0.003,0.042,107.47,15.254,1154676321.0,3752627653422.0
India,2006,0.01,0.001,0.016,127.56,17.135,1172878888.0,4069856052453.0
India,2007,0.06,0.008,0.132,141.75,17.802,1190676028.0,4403215224414.0
India,2008,0.06,0.007,0.138,138.91,16.768,1207930960.0,4649548164533.0
India,2009,0.08,0.009,0.161,133.25,15.166,1225524764.0,4993478894185.0
India,2010,0.11,0.012,0.237,141.53,15.114,1243481565.0,5361371354007.0
India,2011,0.83,0.08,1.699,171.94,16.656,1261224956.0,5720692888000.0
India,2012,2.1,0.193,4.231,161.83,14.868,1278674501.0,6052427493607.0
India,2013,3.43,0.301,6.776,182.99,16.034,1295829507.0,6424470752490.0
India,2014,4.91,0.39,9.519,198.5,15.77,1312277184.0,6875186158349.0
India,2015,7.09,0.541,13.521,191.67,14.625,1328024494.0,7391521519812.0
India,2016,12.2,0.875,22.814,201.4,14.438,1343944296.0,8057465593010.0
India,2017,22.36,1.529,41.122,225.96,15.451,1359657398.0,8550029645172.0
India,2018,37.45,2.383,67.771,256.08,16.294,1374659067.0,9173201683791.0
India,2019,37.45,2.339,84.913,282.04,17.617,1389030307.0,9595463242427.0
India,2020,52.91,3.384,106.408,297.16,19.007,1402617694.0,8945313249462.0
India,2021,65.59,3.907,122.251,315.45,18.791,1414203896.0,9801621018003.0
India,2022,95.92,5.315,167.978,364.35,20.19,1425423209.0,10476248645535.0
India,2023,115.42,6.017,196.954,369.97,19.287,1438069597.0,
India,2024,143.07,7.025,229.883,403.39,19.808,1450935785.0,
India,2025,195.99,9.415,,500.98,24.067,1463865527.0,
Italy,2000,0.02,0.007,0.873,50.87,18.845,57272200.0,1863751547560.0
Italy,2001,0.02,0.007,0.916,54.35,19.989,57305760.0,1910272015654.0
Italy,2002,0.02,0.007,1.002,48.31,17.407,57420636.0,1929301903714.0
Italy,2003,0.02,0.007,1.133,46.86,16.369,57739697.0,1947667703883.0
Italy,2004,0.03,0.01,1.351,53.87,18.341,58176736.0,1994293720592.0
Italy,2005,0.03,0.01,1.424,48.43,16.438,58519696.0,2029243417217.0
Italy,2006,0.04,0.013,1.593,50.64,16.57,58754434.0,2086553648584.0
Italy,2007,0.04,0.013,1.755,47.72,15.586,59108723.0,2134371774096.0
Italy,2008,0.19,0.061,8.55,58.16,18.667,59561687.0,2129113318512.0
Italy,2009,0.68,0.237,29.662,69.26,24.186,59904016.0,2029023036275.0
Italy,2010,1.91,0.644,82.487,76.97,25.948,60164212.0,2080545936781.0
Italy,2011,10.8,3.62,463.295,82.95,27.801,60367882.0,2110883320816.0
Italy,2012,18.86,6.388,803.096,92.22,31.235,60531522.0,2047959835066.0
Italy,2013,21.59,7.548,910.31,112.0,39.158,60653864.0,2010255414011.0
Italy,2014,22.31,8.068,935.631,120.68,43.641,60664169.0,2010164047423.0
Italy,2015,22.94,8.202,958.831,108.89,38.931,60575314.0,2025809415322.0
Italy,2016,22.1,7.729,918.323,108.01,37.772,60478103.0,2052012434345.0
Italy,2017,24.38,8.347,1009.173,103.89,35.568,60390317.0,2086237040647.0
Italy,2018,22.65,7.918,934.888,114.41,39.995,60277496.0,2105551772855.0
Italy,2019,23.69,8.169,975.15,115.83,39.943,60130136.0,2115725732767.0
Italy,2020,24.94,9.01,1027.894,116.9,42.231,59912763.0,1925751927111.0
Italy,2021,25.04,8.771,1032.531,116.33,40.747,59729353.0,2060299944789.0
Italy,2022,28.12,10.037,1158.934,100.46,35.857,59619106.0,2136009300257.0
Italy,2023,30.71,11.742,1258.921,116.52,44.55,59499452.0,
Italy,2024,35.99,13.451,1487.875,134.24,50.172,59342870.0,
Italy,2025,44.63,16.861,,129.11,48.776,59146263.0,
Japan,2000,0.34,0.031,7.524,101.03,9.187,127027794.0,4209651870326.0
Japan,2001,0.5,0.046,10.848,98.32,9.077,127260144.0,4224163277272.0
Japan,2002,0.69,0.063,14.928,98.64,8.942,127484599.0,4226576076119.0
Japan,2003,0.95,0.087,20.36,112.13,10.263,127671254.0,4288493482445.0
Japan,2004,1.27,0.113,26.962,112.43,10.028,127815769.0,4380398118363.0
Japan,2005,1.63,0.141,34.257,102.79,8.914,127913331.0,4450600710060.0
Japan,2006,2.0,0.172,41.688,114.47,9.831,127997247.0,4514225078439.0
Japan,2007,2.31,0.196,48.015,101.76,8.623,128087683.0,4590814009043.0
Japan,2008,2.59,0.219,53.406,101.98,8.615,128155992.0,4542408020234.0
Japan,2009,3.05,0.274,62.355,97.28,8.732,128192471.0,4298103109270.0
Japan,2010,3.98,0.344,80.884,118.24,10.228,128185273.0,4480295644398.0
Japan,2011,5.44,0.493,110.004,113.5,10.279,128096430.0,4468738319171.0
Japan,2012,7.37,0.666,148.519,111.33,10.058,127928283.0,4530172048567.0
Japan,2013,12.91,1.187,258.486,120.55,11.082,127723642.0,4621006950566.0
Japan,2014,23.55,2.216,470.002,133.9,12.6,127486601.0,4634693421103.0
Japan,2015,34.54,3.353,687.039,154.02,14.952,127275868.0,4707025000790.0
Japan,2016,43.33,4.074,856.076,151.77,14.268,127159950.0,4742508721138.0
Japan,2017,54.04,5.018,1063.255,163.3,15.164,127064686.0,4821960242931.0
Japan,2018,61.22,5.653,1199.984,175.34,16.191,126913432.0,4852985093686.0
Japan,2019,67.43,6.438,1317.324,176.41,16.843,126699421.0,4833467877373.0
Japan,2020,75.92,7.509,1484.18,193.03,19.092,126304533.0,4626661481209.0
Japan,2021,84.18,8.136,1649.787,208.14,20.117,125679342.0,4725883595048.0
Japan,2022,91.07,8.752,1790.124,213.19,20.488,124997585.0,4774494846664.0
Japan,2023,96.36,9.572,1889.719,222.86,22.137,124370947.0,
Japan,2024,96.7,9.514,1905.901,233.11,22.935,123753041.0,
Japan,2025,101.06,9.813,,242.73,23.569,123103480.0,
Mexico,2000,0.01,0.005,0.197,39.46,19.379,98625553.0,1241194674661.0
Mexico,2001,0.01,0.005,0.221,34.72,16.516,100099101.0,1251502726420.0
Mexico,2002,0.01,0.005,0.216,30.96,14.351,101548627.0,1275458026881.0
Mexico,2003,0.01,0.004,0.212,26.83,11.93,102978517.0,1306677417369.0
Mexico,2004,0.01,0.004,0.234,32.47,13.794,104394131.0,1373060298988.0
Mexico,2005,0.01,0.004,0.229,35.88,14.469,105811504.0,1427140428046.0
Mexico,2006,0.01,0.004,0.249,38.0,14.829,107253666.0,1510732401129.0
Mexico,2007,0.01,0.004,0.22,35.85,13.618,108774356.0,1572479287017.0
Mexico,2008,0.02,0.007,0.454,47.39,17.598,110374286.0,1607479004533.0
Mexico,2009,0.03,0.011,0.633,34.9,13.034,111999720.0,1543820957956.0
Mexico,2010,0.03,0.011,0.71,46.47,16.863,113623898.0,1638271507559.0
Mexico,2011,0.04,0.014,0.922,45.93,15.721,115243503.0,1716088331953.0
Mexico,2012,0.07,0.024,1.522,43.06,14.528,116818208.0,1774999946047.0
Mexico,2013,0.11,0.037,2.291,40.12,13.503,118343572.0,1803059285337.0
Mexico,2014,0.22,0.073,4.695,53.64,17.684,119784265.0,1854551091374.0
Mexico,2015,0.2,0.064,4.228,48.24,15.543,121072310.0,1916008739051.0
Mexico,2016,0.25,0.078,5.185,48.98,15.29,122251344.0,1961906742138.0
Mexico,2017,1.19,0.362,24.038,50.78,15.43,123400052.0,2007719438156.0
Mexico,2018,3.21,0.919,64.133,55.24,15.815,124573713.0,2051539127317.0
Mexico,2019,9.96,2.891,196.116,57.5,16.687,125762978.0,2047701179708.0
Mexico,2020,15.84,4.863,308.364,69.37,21.297,126799053.0,1880176557054.0
Mexico,2021,20.19,6.144,389.674,82.09,24.983,127648151.0,1973141022977.0
Mexico,2022,20.34,5.98,388.611,83.13,24.439,128613116.0,2033437602787.0
Mexico,2023,23.34,6.636,438.739,71.28,20.267,129739761.0,
Mexico,2024,25.72,7.241,479.444,75.0,21.116,130861001.0,
Mexico,2025,26.34,7.379,,82.43,23.092,131946897.0,
Netherlands,2000,0.01,0.011,1.334,2.97,3.373,16058757.0,603803040978.0
Netherlands,2001,0.01,0.011,2.229,3.31,3.592,16182705.0,620170874924.0
Netherlands,2002,0.02,0.021,2.866,3.98,4.205,16288060.0,624424625610.0
Netherlands,2003,0.03,0.031,5.118,3.96,4.148,16366914.0,629811489833.0
Netherlands,2004,0.03,0.03,5.468,5.3,5.31,16425562.0,646331449347.0
Netherlands,2005,0.04,0.041,5.583,7.46,7.571,16465707.0,664118269501.0
Netherlands,2006,0.04,0.041,5.71,8.06,8.265,16493851.0,691453801614.0
Netherlands,2007,0.04,0.039,5.745,7.59,7.321,16531360.0,721200009128.0
Netherlands,2008,0.04,0.038,6.182,9.53,8.973,16597259.0,737705013303.0
Netherlands,2009,0.04,0.036,6.992,10.83,9.64,16684148.0,713986817901.0
Netherlands,2010,0.06,0.051,9.23,11.19,9.475,16771232.0,728193221597.0
Netherlands,2011,0.1,0.089,15.427,12.32,10.938,16851061.0,744614396708.0
Netherlands,2012,0.19,0.186,38.664,12.47,12.193,16915191.0,736942199791.0
Netherlands,2013,0.41,0.408,77.765,12.1,12.033,16967066.0,735982982299.0
Netherlands,2014,0.73,0.715,117.254,11.65,11.41,17030085.0,746458868661.0
Netherlands,2015,1.11,1.018,164.045,13.69,12.561,17107429.0,761083250759.0
Netherlands,2016,1.6,1.404,233.927,14.78,12.969,17204693.0,777764090323.0
Netherlands,2017,2.2,1.896,318.264,17.43,15.021,17315376.0,800404023156.0
Netherlands,2018,3.71,3.28,529.431,18.88,16.693,17421285.0,819300805024.0
Netherlands,2019,5.4,4.498,762.073,22.8,18.992,17537505.0,835323029559.0
Netherlands,2020,8.57,7.027,1199.379,32.73,26.837,17636732.0,802861622095.0
Netherlands,2021,11.3,9.347,1570.286,40.44,33.452,17730565.0,841906706612.0
Netherlands,2022,16.66,13.888,2285.794,48.1,40.097,17904421.0,879609110665.0
Netherlands,2023,19.61,16.347,2639.304,56.84,47.382,18092526.0,
Netherlands,2024,21.82,17.837,2896.124,62.07,50.74,18228740.0,
Netherlands,2025,28.5,21.117,,69.1,51.2,18346823.0,
Norway,2000,0.0,0.0,3.278,142.11,99.712,4490864.0,242751277829.0
Norway,2001,0.0,0.0,3.244,120.74,99.522,4513650.0,255455331302.0
Norway,2002,0.0,0.0,3.2,129.7,99.585,4538016.0,267081351259.0
Norway,2003,0.0,0.0,3.701,106.03,99.4,4564666.0,277856282106.0
Norway,2004,0.0,0.0,3.659,109.39,99.355,4591739.0,297743119876.0
Norway,2005,0.0,0.0,3.605,136.52,99.468,4623120.0,314940774381.0
Norway,2006,0.0,0.0,4.073,120.4,99.324,4660487.0,332457531096.0
Norway,2007,0.0,0.0,4.01,134.94,99.14,4709017.0,352692911227.0
Norway,2008,0.0,0.0,4.095,140.35,99.405,4768097.0,364943654963.0
Norway,2009,0.0,0.0,4.185,126.48,96.572,4828625.0,370113292846.0
Norway,2010,0.0,0.0,4.314,117.96,95.793,4889160.0,383760934305.0
Norway,2011,0.0,0.0,4.446,121.91,96.808,4952969.0,399420041611.0
Norway,2012,0.0,0.0,4.571,143.59,98.228,5018453.0,410276121127.0
Norway,2013,0.0,0.0,4.934,130.42,97.957,5080126.0,414445317738.0
Norway,2014,0.0,0.0,5.745,137.94,97.913,5137397.0,422933730082.0
Norway,2015,0.0,0.0,6.537,140.07,97.951,5189777.0,430788988142.0
Norway,2016,0.0,0.0,11.421,145.15,98.054,5235974.0,435806553454.0
Norway,2017,0.0,0.0,18.932,145.48,98.118,5276807.0,446543702505.0
Norway,2018,0.0,0.0,28.509,143.05,98.02,5311751.0,450245217440.0
Norway,2019,0.01,0.007,48.609,131.07,97.938,5347733.0,455304831150.0
Norway,2020,0.08,0.052,61.361,152.03,98.516,5379275.0,449485260525.0
Norway,2021,0.11,0.07,49.615,156.06,99.319,5408082.0,467007972731.0
Norway,2022,0.17,0.117,77.835,143.45,98.645,5456796.0,482328451592.0
Norway,2023,0.36,0.234,158.039,151.28,98.47,5519167.0,
Norway,2024,0.53,0.337,242.111,154.92,98.606,5576656.0,
Norway,2025,0.53,0.33,,159.2,98.999,5623074.0,
South Korea,2000,0.01,0.003,0.314,4.12,1.418,46766660.0,1086261690312.0
South Korea,2001,0.01,0.003,0.363,2.44,0.787,47043467.0,1127616204375.0
South Korea,2002,0.01,0.003,0.408,3.43,1.033,47299118.0,1203066586464.0
South Korea,2003,0.01,0.003,0.445,5.11,1.469,47514158.0,1229830453921.0
South Korea,2004,0.01,0.003,0.561,4.66,1.266,47697076.0,1281243847324.0
South Korea,2005,0.01,0.003,0.809,4.07,1.045,47851646.0,1322354601142.0
South Korea,2006,0.03,0.007,1.728,3.98,0.988,48006518.0,1381281470156.0
South Korea,2007,0.07,0.016,3.935,4.46,1.048,48178122.0,1446721509093.0
South Korea,2008,0.28,0.063,15.513,4.44,1.003,48356485.0,1477425172333.0
South Korea,2009,0.57,0.126,30.611,4.61,1.019,48546690.0,1477640571750.0
South Korea,2010,0.77,0.156,41.299,5.69,1.149,48769329.0,1562822824921.0
South Korea,2011,0.92,0.178,48.66,7.4,1.428,49127640.0,1609219825000.0
South Korea,2012,1.13,0.213,58.567,8.17,1.538,49599580.0,1647889319531.0
South Korea,2013,1.67,0.311,85.18,10.23,1.904,50071168.0,1700045113031.0
South Korea,2014,2.69,0.498,135.655,12.89,2.385,50539055.0,1754480590300.0
South Korea,2015,4.23,0.772,210.041,15.2,2.775,50983909.0,1803763858886.0
South Korea,2016,5.52,0.984,270.18,18.13,3.232,51297836.0,1856920794289.0
South Korea,2017,7.74,1.343,375.789,22.33,3.874,51486268.0,1915599559593.0
South Korea,2018,10.17,1.715,489.773,27.8,4.689,51640894.0,1971285914824.0
South Korea,2019,14.19,2.418,678.625,33.01,5.625,51767844.0,2015521635585.0
South Korea,2020,19.34,3.351,920.738,40.4,7.0,51858481.0,2001231642062.0
South Korea,2021,24.72,4.067,1174.209,48.1,7.914,51848401.0,2084182684453.0
South Korea,2022,30.73,4.936,1457.915,55.49,8.913,51782515.0,2137558645699.0
South Korea,2023,33.24,5.383,1566.502,59.07,9.566,51748744.0,
South Korea,2024,32.72,5.232,1543.272,60.72,9.709,51717587.0,
South Korea,2025,37.8,6.051,,64.93,10.394,51667035.0,
Spain,2000,0.01,0.005,1.219,34.49,15.612,41019772.0,1094998702299.0
Spain,2001,0.02,0.009,1.607,49.3,21.152,41245602.0,1147959133197.0
Spain,2002,0.02,0.008,1.968,33.17,13.826,41755703.0,1191323484900.0
Spain,2003,0.02,0.008,2.628,55.75,21.667,42506540.0,1239651963472.0
Spain,2004,0.02,0.007,3.51,50.13,18.123,43234562.0,1289831715789.0
Spain,2005,0.05,0.017,2.507,42.27,14.603,43958883.0,1348839731490.0
Spain,2006,0.12,0.041,7.119,52.15,17.643,44695446.0,1415738502534.0
Spain,2007,0.52,0.172,29.683,58.3,19.314,45516501.0,1481143208580.0
Spain,2008,2.58,0.833,147.12,62.15,20.062,46235055.0,1510615290401.0
Spain,2009,6.06,2.084,341.453,74.08,25.482,46635182.0,1468765814163.0
Spain,2010,7.19,2.414,392.758,97.77,32.831,46840469.0,1480376411582.0
Spain,2011,9.4,3.224,478.442,87.53,30.023,46998040.0,1477187548437.0
Spain,2012,11.97,4.072,655.914,86.97,29.587,47018323.0,1433478645419.0
Spain,2013,13.1,4.654,715.566,111.41,39.583,46860394.0,1413362053623.0
Spain,2014,13.67,4.981,744.676,110.26,40.176,46720187.0,1433089409797.0
Spain,2015,13.86,5.001,751.54,97.08,35.025,46683683.0,1488098863146.0
Spain,2016,13.64,5.039,733.439,104.63,38.652,46732768.0,1533303930046.0
Spain,2017,14.4,5.287,763.874,87.93,32.282,46868594.0,1578931492849.0
Spain,2018,12.74,4.694,673.17,103.87,38.272,47092817.0,1615001473949.0
Spain,2019,15.1,5.582,788.377,100.99,37.332,47435121.0,1647042667976.0
Spain,2020,20.67,7.966,1070.271,113.79,43.855,47679482.0,1460507935923.0
Spain,2021,27.1,10.009,1398.196,125.75,46.445,47735670.0,1541121952313.0
Spain,2022,35.72,12.439,1835.134,122.91,42.803,47828386.0,1625139888517.0
Spain,2023,48.59,17.409,2473.357,143.78,51.514,47911583.0,
Spain,2024,58.29,20.748,2874.938,161.08,57.336,47910533.0,
Spain,2025,62.9,21.849,,160.81,55.858,47889960.0,
Sweden,2000,0.0,0.0,0.313,83.14,57.247,8872099.0,303452362920.0
Sweden,2001,0.0,0.0,0.621,83.32,51.559,8896018.0,308398096624.0
Sweden,2002,0.0,0.0,0.614,71.15,48.5,8925045.0,317463771012.0
Sweden,2003,0.0,0.0,0.608,58.73,43.378,8958434.0,326402407102.0
Sweden,2004,0.0,0.0,0.603,68.18,44.985,8993805.0,341901244849.0
Sweden,2005,0.0,0.0,0.595,81.22,51.288,9029771.0,354496929423.0
Sweden,2006,0.0,0.0,0.589,71.06,49.595,9080628.0,372234670461.0
Sweden,2007,0.0,0.0,0.872,77.43,52.029,9148280.0,387881844813.0
Sweden,2008,0.0,0.0,1.145,81.41,54.31,9219903.0,388980516356.0
Sweden,2009,0.01,0.007,1.976,79.81,58.426,9298738.0,373026350439.0
Sweden,2010,0.01,0.007,2.499,82.09,55.298,9378234.0,399838964466.0
Sweden,2011,0.01,0.007,3.564,84.09,55.956,9449263.0,397617949429.0
Sweden,2012,0.02,0.012,5.144,98.31,59.066,9519477.0,395278763366.0
Sweden,2013,0.04,0.026,9.324,82.69,54.035,9600620.0,399973749048.0
Sweden,2014,0.05,0.033,12.334,85.75,55.841,9696438.0,410604225974.0
Sweden,2015,0.1,0.062,25.059,102.5,63.272,9799483.0,429037422635.0
Sweden,2016,0.14,0.09,36.207,89.13,57.175,9923281.0,437921057919.0
Sweden,2017,0.23,0.14,57.169,95.06,57.882,10057864.0,449166531542.0
Sweden,2018,0.41,0.251,95.587,91.15,55.797,10175400.0,457925387676.0
Sweden,2019,0.68,0.404,159.653,98.94,58.746,10279120.0,467020665386.0
Sweden,2020,1.05,0.641,246.826,112.14,68.47,10353682.0,456885314424.0
Sweden,2021,1.53,0.891,356.353,115.75,67.383,10416134.0,481492421258.0
Sweden,2022,1.98,1.144,459.897,118.23,68.321,10487335.0,494214521158.0
Sweden,2023,3.11,1.873,716.116,115.25,69.407,10551493.0,
Sweden,2024,4.16,2.416,953.122,119.4,69.358,10606993.0,
Sweden,2025,4.43,2.595,,121.53,71.191,10656636.0,
United Kingdom,2000,0.0,0.0,0.047,9.91,2.628,59057333.0,1889565292321.0
United Kingdom,2001,0.0,0.0,0.093,9.54,2.479,59288095.0,1939268312671.0
United Kingdom,2002,0.0,0.0,0.138,11.12,2.872,59540764.0,1983994308619.0
United Kingdom,2003,0.0,0.0,0.137,10.69,2.685,59820385.0,2050625402735.0
United Kingdom,2004,0.0,0.0,0.18,14.14,3.59,60169964.0,2099526641365.0
United Kingdom,2005,0.01,0.003,0.355,16.93,4.25,60596107.0,2161729510824.0
United Kingdom,2006,0.01,0.003,0.482,18.1,4.556,61051093.0,2212618867772.0
United Kingdom,2007,0.01,0.003,0.605,19.68,4.96,61535859.0,2267631534502.0
United Kingdom,2008,0.02,0.005,0.723,21.94,5.641,62027303.0,2252034759561.0
United Kingdom,2009,0.02,0.005,0.84,25.24,6.699,62506222.0,2151479208521.0
United Kingdom,2010,0.04,0.01,1.665,26.18,6.852,63006482.0,2190919919855.0
United Kingdom,2011,0.24,0.065,9.94,35.2,9.566,63509285.0,2223011392593.0
United Kingdom,2012,1.35,0.371,54.551,41.24,11.334,63960488.0,2255210551431.0
United Kingdom,2013,2.01,0.561,79.848,53.21,14.852,64389386.0,2296252599482.0
United Kingdom,2014,4.05,1.198,159.031,64.51,19.081,64865914.0,2369725553442.0
United Kingdom,2015,7.53,2.222,291.678,83.36,24.599,65382107.0,2426435869267.0
United Kingdom,2016,10.41,3.069,396.862,83.01,24.474,65893359.0,2478973016876.0
United Kingdom,2017,11.46,3.388,431.668,98.89,29.238,66354473.0,2539548543933.0
United Kingdom,2018,12.67,3.796,472.094,110.14,33.0,66752473.0,2582848171416.0
United Kingdom,2019,12.42,3.796,458.014,119.74,36.596,67110958.0,2624285076706.0
United Kingdom,2020,12.55,4.044,459.972,133.63,43.065,67351860.0,2334804059780.0
United Kingdom,2021,12.13,3.94,441.461,122.49,39.782,67668788.0,2512190098029.0
United Kingdom,2022,13.34,4.11,480.699,135.06,41.611,68179315.0,2615230634906.0
United Kingdom,2023,13.88,4.745,493.054,135.67,46.378,68682965.0,
United Kingdom,2024,14.79,5.205,521.737,143.92,50.648,69138185.0,
United Kingdom,2025,19.32,6.609,,151.92,51.972,69551334.0,
United States,2000,0.49,0.013,5.117,350.93,9.23,281484126.0,12947417795437.0
United States,2001,0.54,0.014,5.581,280.06,7.513,284279634.0,13073810008320.0
United States,2002,0.55,0.014,5.741,336.34,8.749,287084335.0,13307343638671.0
United States,2003,0.53,0.014,5.739,349.18,9.025,289908091.0,13680911930765.0
United States,2004,0.58,0.015,6.462,345.14,8.733,292786248.0,14198910513593.0
United States,2005,0.55,0.014,6.808,353.04,8.749,295716666.0,14673826218839.0
United States,2006,0.51,0.013,7.379,381.16,9.418,298730208.0,15065164240312.0
United States,2007,0.61,0.015,9.652,347.91,8.398,301844223.0,15333183877566.0
United States,2008,0.86,0.021,14.129,377.11,9.181,304970325.0,15288552732632.0
United States,2009,0.89,0.023,17.689,415.56,10.548,308023452.0,14864003344421.0
United States,2010,1.21,0.029,25.225,424.48,10.318,311062785.0,15239586726210.0
United States,2011,1.82,0.045,39.085,509.74,12.467,314105075.0,15477885525000.0
United States,2012,4.33,0.107,73.447,492.32,12.184,317115349.0,15830886903539.0
United States,2013,9.04,0.223,128.15,520.38,12.831,320110752.0,16122472460312.0
United States,2014,28.92,0.706,230.077,546.83,13.35,323115377.0,16491319003554.0
United States,2015,39.03,0.956,306.057,556.49,13.626,326126496.0,16937633974582.0
United States,2016,54.87,1.342,423.012,624.91,15.288,329179423.0,17220065720000.0
United States,2017,77.28,1.907,587.421,707.19,17.452,332204657.0,17606124654726.0
United States,2018,93.36,2.222,700.172,733.17,17.45,335056492.0,18124692769570.0
United States,2019,106.89,2.57,791.207,760.76,18.295,337790069.0,18540552700117.0
United States,2020,130.72,3.233,960.499,821.4,20.316,339436156.0,18027359681343.0
United States,2021,164.42,3.958,1202.579,861.58,20.743,340161438.0,19099378164000.0
United States,2022,205.07,4.784,1490.208,958.14,22.35,341534041.0,19493170182843.0
United States,2023,238.94,5.617,1713.824,964.74,22.679,343477330.0,
United States,2024,303.75,6.918,2162.256,1056.63,24.063,345426566.0,
United States,2025,388.82,8.603,,1158.8,25.638,347275809.0,
